state,month,tavg,tmin,tmax,prcp,pres,avg_river_discharge,flood
kuching,2000-01,25.5,23.7,29.9,903,1009.6,167.8465913,
kuching,2000-02,26,23.4,30.5,574,1009.3,188.350058,
kuching,2000-03,26.4,23.5,31.6,265,1009.4,79.40576713,
kuching,2000-04,26.1,23.2,32.3,372,1009.1,131.67786,
kuching,2000-05,27.1,23.6,33.3,216,1009.3,88.39329206,
kuching,2000-06,26.7,23.5,31.7,231,1009.6,75.15783003,
kuching,2000-07,26.7,23.7,31.8,145,1009.7,37.21669355,
kuching,2000-08,26.4,23.7,31.8,222,1009.4,75.55039703,
kuching,2000-09,26,23.7,31.8,312,1009.9,94.15155007,
kuching,2000-10,26,23.7,31.8,224,1009.7,147.9988791,
kuching,2000-11,26.1,23.3,31.2,323,1008.5,128.7800408,
kuching,2000-12,26.2,23.2,31.4,524,1009.1,116.8893387,
kuching,2001-01,25.7,23,30.3,513,1009.2,155.916129,
kuching,2001-02,25.6,23.1,30.2,577,1009,207.9759929,
kuching,2001-03,26.1,23.2,32.1,372,1009.6,105.0398397,
kuching,2001-04,26.4,23.4,32.3,354,1009.4,90.64152273,
kuching,2001-05,27.4,24,32.9,87,1009.4,75.91146071,
kuching,2001-06,26.7,23.2,32.5,149,1009.3,65.8061912,
kuching,2001-07,27,23,33.1,278,1009.3,26.4627275,
kuching,2001-08,27.3,23.5,33.3,138,1009.5,30.69374868,
kuching,2001-09,26.3,23.3,31.3,334,1010.1,89.0467587,
kuching,2001-10,26.4,23.5,32,471,1010,91.15374442,
kuching,2001-11,25.9,23.3,31.2,369,1010.2,137.5247057,
kuching,2001-12,26.2,23.1,30.8,145,1011.2,102.691711,
kuching,2002-01,25.6,23.3,29.4,1351,1011.1,142.0820211,
kuching,2002-02,25.5,23,29.2,819,1012.5,80.44601957,
kuching,2002-03,26.2,23.6,30.8,483,1010.7,108.4271083,
kuching,2002-04,26.8,23.7,31.9,172,1009.6,80.8610906,
kuching,2002-05,27.3,24.2,32.7,215,1009.9,80.25216965,
kuching,2002-06,26.8,23.4,32.5,195,1010,41.91013953,
kuching,2002-07,27.2,23.4,33.1,195,1010.5,14.74759833,
kuching,2002-08,26.8,22.8,32.4,238,1010.5,25.13887829,
kuching,2002-09,26.3,23,31.8,266,1011.5,49.04634027,
kuching,2002-10,26.4,23.2,32.1,216,1010.8,96.46156784,
kuching,2002-11,26.1,23.2,31.4,376,1010.6,107.1836668,
kuching,2002-12,26.5,23.5,32,194,1011.1,106.760848,
kuching,2003-01,25.8,23.3,30,760,1011.8,275.0900371,
kuching,2003-02,26,23.2,30,907,1011,129.9291402,
kuching,2003-03,26.4,23.4,31.3,464,1011,52.68852216,
kuching,2003-04,26.5,23.8,32.2,503,1010.1,105.0038639,
kuching,2003-05,27.8,24.1,33.1,216,1009.6,73.49882471,
kuching,2003-06,26.8,23.5,32.6,155,1010,30.70075012,
kuching,2003-07,26.4,23,32.1,258,1010.6,58.91295645,
kuching,2003-08,27,23.6,32.9,175,1010.2,25.97820589,
kuching,2003-09,26.5,23.3,32.7,297,1010.9,50.9265858,
kuching,2003-10,25.8,23.1,31.5,548,1010.9,123.4572129,
kuching,2003-11,26.2,23.2,31.7,313,1010.4,110.8567905,
kuching,2003-12,25.4,23.2,29.8,655,1011,181.5372006,
kuching,2004-01,25.4,23.2,29.1,1259,1011.2,163.0205469,
kuching,2004-02,25.9,23.3,30.3,247,1011.5,80.57777003,
kuching,2004-03,26.5,23.3,31.5,421,1010.6,56.43727832,
kuching,2004-04,27,23.5,32.6,227,1010.4,30.6118793,
kuching,2004-05,27.1,23.7,32.8,207,1010,30.10191119,
kuching,2004-06,27.8,23.8,33.6,129,1010.7,15.61318799,
kuching,2004-07,25.9,23,31.5,376,1010.3,36.05514239,
kuching,2004-08,27.6,23.6,33.3,124,1010.3,19.66163023,
kuching,2004-09,26,23,31,451,1011.1,40.0843747,
kuching,2004-10,26.1,23.1,31.5,295,1011.5,56.31172865,
kuching,2004-11,26.2,23.3,31.7,419,1010.7,105.0081961,
kuching,2004-12,25.6,23.3,30.2,703,1010.4,153.9473187,
kuching,2005-01,26,23.4,29.9,838,1011.4,131.5434493,
kuching,2005-02,26.5,23.6,30.6,419,1012.2,39.76026439,
kuching,2005-03,26.6,23.6,31,310,1011.8,36.80597806,
kuching,2005-04,26.6,23.2,32.4,203,1010.8,69.239383,
kuching,2005-05,26.7,23.7,31.6,302,1009.5,111.3330865,
kuching,2005-06,26.7,23.7,31.9,271,1009.1,74.44365367,
kuching,2005-07,26.7,23.5,31.9,120,1010,44.87729123,
kuching,2005-08,27.2,23.6,32.9,110,1009.8,22.93351968,
kuching,2005-09,26.6,23,32.2,257,1010.1,39.8471245,
kuching,2005-10,26.2,23.3,31.8,340,1010.1,89.94804377,
kuching,2005-11,25.9,23.1,31.8,310,1010,127.7545342,
kuching,2005-12,25.6,22.9,30.7,342,1009.3,129.7520615,
kuching,2006-01,26,23.3,30.4,443,1009.9,166.6797167,
kuching,2006-02,26.1,23.5,30.1,723,1010.1,113.3150522,
kuching,2006-03,26.8,23.6,31.7,275,1009.6,116.0009328,
kuching,2006-04,26.5,23.6,32.2,240,1009.3,123.8010435,
kuching,2006-05,26.5,23.6,32.1,230,1010.1,121.1414701,
kuching,2006-06,26.5,23.1,31.9,331,1009.8,94.70199253,
kuching,2006-07,27.5,23.6,33.3,166,1009.9,38.70540187,
kuching,2006-08,27.3,23.1,33,230,1009.7,25.52989332,
kuching,2006-09,26.2,22.9,31.6,302,1010.5,109.4180167,
kuching,2006-10,26.5,23.5,31.6,234,1011.2,90.53105168,
kuching,2006-11,26.3,23.3,31.7,157,1010,136.1625917,
kuching,2006-12,26.3,23.5,31.4,518,1009.7,160.7623487,
kuching,2007-01,25.8,23.6,29.7,823,1010.9,270.8383816,
kuching,2007-02,26,23.1,30.4,347,1011.2,180.3472825,
kuching,2007-03,26.4,23.3,31.7,250,1010,98.69531116,
kuching,2007-04,26.7,23.7,31.9,263,1010.1,92.47435377,
kuching,2007-05,27.2,23.8,32.7,333,1009.8,79.84380877,
kuching,2007-06,26.5,23.4,31.7,394,1008.3,104.6296852,
kuching,2007-07,26.6,23.5,31.9,285,1009.6,72.63090865,
kuching,2007-08,26.7,23.2,32.1,209,1009.5,52.32962361,
kuching,2007-09,26.3,23.2,31.8,369,1009.5,91.99667377,
kuching,2007-10,26.5,23.1,32.1,404,1009.5,98.60233239,
kuching,2007-11,25.8,23.2,30.9,457,1009.7,182.604085,
kuching,2007-12,25.8,23.3,30.1,637,1008.9,217.8083774,
kuching,2008-01,25.8,22.9,30.4,466,1009.9,197.1622903,
kuching,2008-02,25.4,23.2,29.1,445,1010.3,161.722967,
kuching,2008-03,25.5,22.9,30.3,465,1009.6,148.1553474,
kuching,2008-04,26.3,23.3,32,251,1008.9,120.0794133,
kuching,2008-05,27.1,23.5,32.7,347,1009.4,88.40011552,
kuching,2008-06,26.4,22.9,31.6,307,1009.8,80.29208227,
kuching,2008-07,26.3,23.3,31.2,183,1009.8,92.66371735,
kuching,2008-08,26.4,23,31.6,326,1009.6,75.88507668,
kuching,2008-09,26.3,23.2,32.1,207,1009.9,126.5265962,
kuching,2008-10,26.2,23.2,31.5,307,1010.3,113.5962156,
kuching,2008-11,26.3,23.5,31.9,482,1009.1,113.8720113,
kuching,2008-12,25.7,23.2,30.4,517,1009.1,177.6630437,
kuching,2009-01,25.2,23.3,28.3,1130,1010.7,196.7265829,
kuching,2009-02,26,23.3,30.6,390,1009.6,239.1772068,
kuching,2009-03,26,22.9,31.7,305,1010.2,156.7354848,
kuching,2009-04,26.7,23.6,32.4,418,1009.4,117.5272048,
kuching,2009-05,27.1,23.8,33.1,254,1008.7,73.96624929,
kuching,2009-06,27.3,23.8,33.2,319,1009.7,44.70161847,
kuching,2009-07,27.1,23.2,32.8,158,1009.9,48.95520445,
kuching,2009-08,27.3,23.5,33.1,231,1009.5,30.68415187,
kuching,2009-09,27.6,23.7,33,131,1009.6,62.79526203,
kuching,2009-10,26.5,23.4,32.4,623,1010.6,95.94358868,
kuching,2009-11,26.1,23.5,31.2,281,1009.1,157.587435,
kuching,2009-12,26.1,23.5,30.8,468,1010.7,206.9499287,
kuching,2010-01,26,23.3,30.2,907,1011.5,183.4164832,
kuching,2010-02,26.5,24,30.5,442,1011.2,146.4784183,
kuching,2010-03,26.5,23.7,31.2,306,1011,123.1179065,
kuching,2010-04,27.1,24,32.5,264,1010.4,108.5795881,
kuching,2010-05,27.5,24.4,32.7,409,1008.5,105.6538002,
kuching,2010-06,27.2,24,32.4,186,1010,80.53599947,
kuching,2010-07,26.3,23.5,31.6,389,1009.9,117.1025086,
kuching,2010-08,26.5,23.3,31.9,431,1009.9,100.0908693,
kuching,2010-09,26.4,23.3,31.5,337,1009.8,91.73744437,
kuching,2010-10,26.6,23.3,32.2,368,1009,98.80236661,
kuching,2010-11,26.2,23.3,31.9,198,1009,111.0311759,
kuching,2010-12,25.7,23,31.1,367,1007.7,118.9854256,
kuching,2011-01,25.5,22.9,29.7,841,1008.9,138.3585026,
kuching,2011-02,25.9,23.1,30.1,669,1009.4,120.0356895,
kuching,2011-03,26.3,23.3,31.6,190,1009.2,138.6333918,
kuching,2011-04,26.5,23.6,31.7,222,1009.6,86.96307717,
kuching,2011-05,26.9,23.5,32.9,149,1009.5,87.28338235,
kuching,2011-06,26.7,23.4,32.2,248,1009.2,56.84275553,
kuching,2011-07,26.9,23.3,32.6,214,1009.1,55.420836,
kuching,2011-08,27,23.6,32.7,199,1009.1,38.07641806,
kuching,2011-09,26.7,23.4,32.6,182,1009.7,76.925232,
kuching,2011-10,26.1,23.2,31.1,292,1009.1,102.7237611,
kuching,2011-11,26.4,23.3,32.5,482,1008.5,101.1903177,
kuching,2011-12,26.1,23.5,31.3,937,1008.8,152.4843774,
kuching,2012-01,26,23.2,30.9,822,1009.1,265.1766497,
kuching,2012-02,25.8,23,30.9,299,1009.1,147.3369128,
kuching,2012-03,26.3,23.4,31.8,409,1009.4,178.1357947,
kuching,2012-04,26.9,23.6,33,244,1009.8,114.6795878,
kuching,2012-05,27.6,24,33.8,237,1008.7,78.6757041,
kuching,2012-06,27.6,23.6,33.6,100,1009.1,60.61035147,
kuching,2012-07,26.8,23.6,32.5,220,1009.1,72.86246,
kuching,2012-08,27,23.7,32.3,318,1009.9,50.123232,
kuching,2012-09,27.4,23.6,33.4,193,1009.9,56.29474767,
kuching,2012-10,26.5,23.4,32.2,374,1009.8,86.93920242,
kuching,2012-11,26.4,23.6,32,276,1009.5,119.3227051,
kuching,2012-12,26.3,23.7,31.8,342,1008.9,152.486365,
kuching,2013-01,26.7,24,30.9,298,1010.4,108.1176803,
kuching,2013-02,26.5,23.7,31,402,1009.1,203.5149181,
kuching,2013-03,27.5,24.2,32.3,404,1010.3,99.9163951,
kuching,2013-04,27.1,24,32.9,353,1009.1,118.5830665,
kuching,2013-05,26.3,24,32.7,268,1009.4,102.43536,
kuching,2013-06,27.7,23.9,33.7,205,1008.3,50.86882203,
kuching,2013-07,26.9,23.3,32.8,179,1009.3,53.1588531,
kuching,2013-08,27.1,23.3,33,334,1009.8,48.96826965,
kuching,2013-09,26.6,23.5,32.5,218,1009.9,80.4318072,
kuching,2013-10,26.5,23.3,32.6,445,1010.6,108.2878366,
kuching,2013-11,26.1,23.2,31.8,293,1008.9,131.1327252,
kuching,2013-12,26,23.8,30.4,728,1009,201.3471516,
kuching,2014-01,25.3,22.7,29.2,409,1011.5,200.549706,
kuching,2014-02,26.5,23,31,205,1010.3,31.10018411,
kuching,2014-03,26.7,23.7,30.7,163,1010.8,52.53518797,
kuching,2014-04,26.9,23.7,32.9,417,1010.1,93.2514966,
kuching,2014-05,27.5,24.4,32.6,222,1009.5,93.11796968,
kuching,2014-06,28.1,24.4,33.7,233,1008.5,75.82318867,
kuching,2014-07,28.4,24.2,34.5,168,1009.3,46.21280103,
kuching,2014-08,26.7,23.5,32.1,537,1010.4,66.11386806,
kuching,2014-09,27.2,23.6,33,276,1010.3,85.98553167,
kuching,2014-10,26.8,23.6,32.5,249,1010.3,100.6176727,
kuching,2014-11,26.5,23.7,32.2,298,1009.9,160.0981907,
kuching,2014-12,26.4,23.7,31.9,526,1010.4,126.6790436,
kuching,2015-01,25.6,23.2,29.3,964.1,1009.7,221.2230968,
kuching,2015-02,25.9,23.4,31.8,623.7,1009.7,233.5817914,
kuching,2015-03,26.9,23.7,31.8,263.9,1009.7,79.65551658,
kuching,2015-04,27.3,23.7,31.8,263.9,1009.7,97.2601664,
kuching,2015-05,27.4,23.7,33,333.4,1009.7,98.98586252,
kuching,2015-06,27.7,24.2,32.8,316.4,1009.7,90.4358397,
kuching,2015-07,28,23.6,31.8,180.6,1009.7,26.77213565,
kuching,2015-08,27.6,23.8,32.8,184.4,1009.7,39.8273141,
kuching,2015-09,27.7,24.3,32.6,126.4,1009.7,37.62787657,
kuching,2015-10,27.3,24,32.3,222.3,1009.7,67.26127729,
kuching,2015-11,26.7,23.8,32,593.5,1009.7,143.860286,
kuching,2015-12,26.9,23.7,31.8,445,1009.7,141.4988421,
kuching,2016-01,27.2,24.4,31.3,362.7,1009.7,141.05243,
kuching,2016-02,26.6,24.1,30,1400.4,1009.7,176.2614084,
kuching,2016-03,27.2,23.7,31.8,263.9,1009.7,140.0788102,
kuching,2016-04,27.6,24.4,33.4,498.3,1009.7,120.3771993,
kuching,2016-05,27.5,24.4,32.6,394.6,1009.7,118.9516443,
kuching,2016-06,26.9,23.5,32.5,442.3,1009.7,104.2598568,
kuching,2016-07,27.6,24,33.1,173.6,1009.7,83.6766801,
kuching,2016-08,27.7,24,33.8,302.7,1009.7,49.62321732,
kuching,2016-09,26.9,23.5,33.2,297,1009.7,80.93786977,
kuching,2016-10,26.8,23.7,33,251.7,1009.7,76.88608,
kuching,2016-11,26.7,23.9,32.2,434.7,1009.7,122.2256749,
kuching,2016-12,26.8,23.8,32.2,317.2,1009.7,135.4804701,
kuching,2017-01,26.7,23.7,32,413,1009.7,113.2339201,
kuching,2017-02,26.2,23.3,30.5,467.6,1009.7,162.4484268,
kuching,2017-03,26.9,23.4,32,221.4,1009.7,152.9091531,
kuching,2017-04,26.6,23.6,32.8,435.2,1009.7,114.3297411,
kuching,2017-05,27.3,24,32.3,263.8,1009.1,114.4933403,
kuching,2017-06,27.2,23.7,32.5,294.7,1009.8,80.86346327,
kuching,2017-07,27.3,23.8,32.4,238.5,1009.7,54.77065252,
kuching,2017-08,27,23.7,31.9,383.1,1009.7,63.17198423,
kuching,2017-09,27,24,31.9,211.8,1009.7,119.6843162,
kuching,2017-10,26.9,23.7,31.8,190.3,1009.7,92.75167948,
kuching,2017-11,26.9,24,32.3,210.8,1009.7,126.4341087,
kuching,2017-12,26.6,23.7,31.8,483.9,1009.7,144.912547,
kuching,2018-01,26.4,23.7,31.8,318.5,1009.7,152.9102305,
kuching,2018-02,26.3,23.7,30,419.3,1010.8,108.2109662,
kuching,2018-03,26.8,23.7,31.5,373.4,1009.7,109.2840108,
kuching,2018-04,27.4,24.2,31.9,390.1,1009.7,102.6340502,
kuching,2018-05,27.3,24.2,32.1,225.8,1009.7,116.9189197,
kuching,2018-06,27.3,23.9,33,273.3,1009.7,72.2235493,
kuching,2018-07,28,24,33.2,266,1009,49.23003513,
kuching,2018-08,27.9,23.8,33.5,136.4,1009.3,24.1565981,
kuching,2018-09,26.9,23.4,32.1,263.9,1010.2,38.3399615,
kuching,2018-10,26.6,23.7,31.8,263.9,1010.4,139.2142613,
kuching,2018-11,26.9,23.8,32.1,351,1009.9,132.0161962,
kuching,2018-12,26.6,23.5,32,568.7,1009.6,128.5941618,
kuching,2019-01,26.7,24.2,31.4,432,1010.6,97.46963245,
kuching,2019-02,26.7,24,31,305,1011.8,101.8980714,
kuching,2019-03,27.2,24,32.1,179,1010.8,80.30621661,
kuching,2019-04,27.6,24.6,32.8,176,1009.6,83.27886007,
kuching,2019-05,28.2,24.3,33.8,232,1009.7,58.18957068,
kuching,2019-06,27.8,24.5,32.9,247,1009.5,74.90372037,
kuching,2019-07,27.6,23.9,32.8,194,1010,34.60556266,
kuching,2019-08,27.8,24,33.6,162,1009.8,16.33663497,
kuching,2019-09,28,24.1,33.5,136,1010.7,14.8231172,
kuching,2019-10,26.6,23.8,32,377,1010,65.47043,
kuching,2019-11,26.9,23.8,32.8,259,1010,113.2750964,
kuching,2019-12,26.2,23.8,30.6,580,1010.6,252.3435558,
kuching,2020-01,26.7,24.4,30.4,476,1010.5,129.0981569,
kuching,2020-02,26.6,24.1,30.5,516,1011.5,79.98303486,
kuching,2020-03,27.3,24.4,32,389,1010.5,85.23925587,
kuching,2020-04,27.5,24.4,32.7,316,1010.4,99.57404047,
kuching,2020-05,27.8,24.7,33.5,305,1009.3,109.4063314,
kuching,2020-06,26.9,23.8,32.5,266,1009.6,102.6977411,
kuching,2020-07,26.9,23.7,32.1,138,1008.9,107.2473266,
kuching,2020-08,27.2,23.7,33,255,1009.2,71.5556541,
kuching,2020-09,26.4,23.6,31.7,380,1009.6,135.730505,
kuching,2020-10,26.7,23.7,32.5,261,1009.2,112.4805779,
kuching,2020-11,26.3,23.7,31.7,292,1010.1,126.266396,
kuching,2020-12,26.4,23.6,31.2,393,1009.3,145.8285779,
kuching,2021-01,25.8,23.6,29.9,896,1009.5,162.2826055,
kuching,2021-02,26.1,23.1,30.1,597,1010.7,191.7709953,
kuching,2021-03,26.5,23.5,31.5,449,1010.1,104.4807208,
kuching,2021-04,27,23.5,32.7,162,1010.3,77.6146785,
kuching,2021-05,27.4,24.1,32.9,198,1008.9,76.05718055,
kuching,2021-06,27.2,22.7,32.8,258,1010.2,46.06328977,
kuching,2021-07,27.3,23.6,33.3,467,1009.3,34.61861216,
kuching,2021-08,26.4,23.5,31.7,335,1010.2,71.46907758,
kuching,2021-09,26.6,23.8,32.1,203,1009.7,102.6171392,
kuching,2021-10,27.2,24,32.8,268,1009.5,85.43920129,
kuching,2021-11,26.4,23.4,32,263.9,1008.7,98.62211663,
kuching,2021-12,26.5,23.8,31.5,263.9,1010,123.8447703,
kuching,2022-01,25.9,23.3,30.3,263.9,1010.2,117.6359805,
kuching,2022-02,26.6,23.5,31.9,263.9,1009.2,124.2478698,
kuching,2022-03,26.8,23.7,32,263.9,1008.8,78.9260081,
kuching,2022-04,26.7,23.6,32.7,263.9,1008.9,58.16714293,
kuching,2022-05,27.5,24.2,32.8,263.9,1008.4,72.99013819,
kuching,2022-06,26.6,23.6,31.7,154.9,1008.8,82.9944667,
kuching,2022-07,27.1,23.8,32.1,217.3,1008.2,60.69767258,
kuching,2022-08,26.5,23.4,31.7,157.2,1008.7,75.99374445,
kuching,2022-09,26.4,23.5,31.6,317.5,1009.7,116.4017606,
kuching,2022-10,26.2,23.5,31.4,286.4,1009.4,175.4644748,
kuching,2022-11,26.2,23.4,31.8,270.6,1009.5,147.2423053,
kuching,2022-12,26,23.4,30.8,564.7,1009.1,171.5236748,
kuching,2023-01,26.1,23.4,30.6,401.2,1009.5,105.0979177,
kuching,2023-02,26.2,23.7,30.5,366,1009.8,132.1186684,
kuching,2023-03,26,23.4,30.2,389.5,1010.7,219.8005077,
kuching,2023-04,27.3,23.8,32.7,297.3,1009.2,129.1668182,
kuching,2023-05,27.8,24.5,33.6,220.9,1010,61.92411435,
kuching,2023-06,27.6,24.3,33,197.7,1009.8,43.50000937,
kuching,2023-07,27.7,24.3,32.7,110.1,1010,43.30596355,
kuching,2023-08,27.4,23.9,32.9,247.3,1010.5,70.92139002,
kuching,2023-09,27.7,24.4,32.9,249.2,1009.9,184.850371,
kuching,2023-10,27.3,24.1,32.5,227.7,1011.2,178.9545308,
kuching,2023-11,26.9,24,32.3,235.2,1010,190.0729893,
kuching,2023-12,27.1,24.2,31.9,253.1,1010.4,160.8087313,
kuching,2024-01,26.7,24.2,30.9,285.6,1011.2,222.1633006,
kuching,2024-02,27.1,24.5,30.4,348.4,1012.1,291.6329466,
kuching,2024-03,27.4,24.7,30.8,210.3,1011.1,382.7679368,
kuching,2024-04,28.2,25,32.9,219,1009,251.1827203,
kuching,2024-05,27.8,24.9,32.7,322.3,1008.9,300.3671961,
kuching,2024-06,27.5,24.4,32.6,238.7,1010.2,176.0356341,
kuching,2024-07,28,24.3,33.1,59.2,1009.5,66.34478687,
kuching,2024-08,27.1,24,32.3,263.9,1010.3,135.5774266,
kuching,2024-09,28,24.3,33.3,263.9,1009.2,100.2436528,
kuching,2024-10,27.5,24,32.9,148.2,1009.9,95.22563781,
kuching,2024-11,26.8,24,31.9,326.4,1008.7,124.6232174,
kuching,2024-12,26.8,24.3,31.2,263.9,1008.4,182.344266,
miri,2000-01,26.4,23.7,30.2,193,1009.1,35.67882365,
miri,2000-02,26.2,23.6,30.2,352,1008.9,22.17996017,
miri,2000-03,27,23.8,31.2,163,1009.1,9.515342219,
miri,2000-04,27.3,24,31.4,289,1008.9,19.78509393,
miri,2000-05,27.9,24.3,32.5,272,1009,11.11496219,
miri,2000-06,26.9,23.7,31,325,1009.3,15.79518415,
miri,2000-07,27.6,23.7,31.8,78,1009.7,10.17185279,
miri,2000-08,27.2,23.7,31.8,255,1009.2,16.39850574,
miri,2000-09,27.3,23.7,31.6,209,1009.7,8.327782013,
miri,2000-10,27,23.9,31,425,1009,29.28968303,
miri,2000-11,27.1,24.1,31.2,266,1008.4,31.54855777,
miri,2000-12,26.8,23.9,30.7,198,1008.9,26.68902371,
miri,2001-01,26.4,23.5,30.4,647,1009,26.3453849,
miri,2001-02,26.6,23.7,30.5,141,1008.6,30.61774629,
miri,2001-03,27.2,24,31.3,281,1009.5,18.19257621,
miri,2001-04,27.5,24.4,31.3,241,1009.3,16.14915123,
miri,2001-05,28.1,24.5,32.4,113,1009.4,12.66791836,
miri,2001-06,27.1,23.9,31.1,171,1009.2,22.3077373,
miri,2001-07,27.9,23.8,32.2,119,1009.1,5.306055868,
miri,2001-08,27.8,24.3,31.8,128,1009.2,7.940348848,
miri,2001-09,27.3,23.9,31.1,210,1009.9,10.66681275,
miri,2001-10,26.9,23.9,30.9,439,1009.9,31.49630974,
miri,2001-11,26.9,23.8,30.9,288,1009.8,36.64587247,
miri,2001-12,26.7,23.6,30.8,210,1010.8,31.81677868,
miri,2002-01,26.5,24,30.8,153,1010.3,15.17715045,
miri,2002-02,26.3,23.7,30.5,101,1011.7,3.661395336,
miri,2002-03,27,24,31.4,103,1010,2.935506474,
miri,2002-04,27.7,24.3,31.9,237,1008.9,2.925985137,
miri,2002-05,28.3,25,32.5,131,1009.3,4.187099332,
miri,2002-06,27.7,24.3,32,234,1009.3,6.63923323,
miri,2002-07,28.1,24.2,32.6,164,1009.7,2.453608148,
miri,2002-08,27.5,24,32.1,196,1009.7,2.818429877,
miri,2002-09,27.4,24.1,31.8,261,1010.9,3.092136403,
miri,2002-10,27.1,24,31.4,276,1010.1,8.585892316,
miri,2002-11,27.2,24.2,31,445,1009.7,15.9080472,
miri,2002-12,27.7,24.5,32,208,1010.3,11.08605051,
miri,2003-01,27,24.3,31.4,337,1010.9,15.53087265,
miri,2003-02,26.9,24.3,31.2,70,1010.3,3.362216546,
miri,2003-03,27,24.1,31.1,166,1010.4,5.867344623,
miri,2003-04,27.9,24.7,31.9,150,1009.3,4.97183002,
miri,2003-05,28,24.8,32.1,235,1008.9,10.23023521,
miri,2003-06,27.7,24.4,31.9,202,1009.4,5.51841165,
miri,2003-07,27.5,24.2,31.7,122,1009.8,20.18174028,
miri,2003-08,27.7,24.2,31.9,233,1009.5,4.839162903,
miri,2003-09,27.5,24.3,31.6,127,1010.3,3.589657117,
miri,2003-10,26.9,24,30.7,388,1010.3,14.84270856,
miri,2003-11,27,24,31,289,1009.6,16.77818585,
miri,2003-12,26.6,23.9,30.6,335,1009.8,28.42943626,
miri,2004-01,26.6,24.3,30.5,246,1010.3,20.22259242,
miri,2004-02,26.5,23.6,30.6,140,1010.7,13.42470557,
miri,2004-03,27.2,24.3,31.2,144,1010,3.079287984,
miri,2004-04,27.7,24.4,31.7,191,1009.6,2.854220693,
miri,2004-05,27.6,24.4,31.6,364,1009.1,4.999957748,
miri,2004-06,27.7,24.1,32,79,1010.1,3.223662893,
miri,2004-07,27.1,23.8,31.3,186,1009.6,4.432209642,
miri,2004-08,27.6,24,31.8,156,1009.7,2.879100865,
miri,2004-09,26.9,23.6,31,348,1010.4,4.748637067,
miri,2004-10,27,23.8,31,260,1010.6,14.32389317,
miri,2004-11,27,23.8,30.8,202,1009.8,9.056355917,
miri,2004-12,26.5,23.7,30.4,330,1009.6,21.70445732,
miri,2005-01,25.9,23,30.1,224,1011,13.9096074,
miri,2005-02,26.9,24.5,30.8,57,1011.4,2.624182071,
miri,2005-03,26.8,24.2,30.8,234,1011.2,2.241351568,
miri,2005-04,27.8,24.2,32.1,61,1010.5,2.420695797,
miri,2005-05,27.9,24.8,31.8,65,1009.1,3.897209845,
miri,2005-06,27.8,24.1,32.2,339,1008.7,5.615760343,
miri,2005-07,27.3,23.8,31.4,189,1009.7,8.709144245,
miri,2005-08,27.7,24.2,31.7,105,1009.5,7.067852255,
miri,2005-09,27.5,24,31.8,224,1009.7,6.039488573,
miri,2005-10,27,24,30.5,363,1009.7,16.56682679,
miri,2005-11,26.5,23.8,30.2,251,1009.7,33.35700097,
miri,2005-12,26.5,23.5,30.3,591,1008.9,26.98896029,
miri,2006-01,26.5,23.9,30.2,341,1009.3,17.31969184,
miri,2006-02,26.9,24.2,31.1,106,1009.6,10.51048425,
miri,2006-03,27.1,23.9,31.5,45,1009.4,2.656060852,
miri,2006-04,27.1,24,31.2,307,1009,10.72540684,
miri,2006-05,27.4,24.2,31.2,377,1009.7,16.60644056,
miri,2006-06,27.2,24.1,31,121,1009.5,16.70945753,
miri,2006-07,27.7,24.3,31.5,260,1009.6,8.284264558,
miri,2006-08,27.3,23.8,31.6,367,1009.3,5.591163077,
miri,2006-09,27.1,24.1,30.8,236,1010.1,15.32843773,
miri,2006-10,27.1,24,30.9,177,1010.9,13.40664629,
miri,2006-11,27.2,24.1,31,207,1009.4,17.38912017,
miri,2006-12,27,24.2,31.1,429,1009.1,15.35964294,
miri,2007-01,26.5,23.8,30.4,352,1010.4,31.05304432,
miri,2007-02,26.1,23.4,30,261,1010.7,24.52054582,
miri,2007-03,27.1,24.1,31.1,107,1009.6,17.59450623,
miri,2007-04,27.4,24.3,31.3,212,1009.7,14.41172789,
miri,2007-05,27.8,24.5,31.7,114,1009.4,30.39225619,
miri,2007-06,27.2,24.1,31,649,1007.9,35.28741263,
miri,2007-07,27.4,23.7,31.5,426,1009.1,28.39407871,
miri,2007-08,27.3,23.9,31.5,102,1009.1,26.66221369,
miri,2007-09,27.2,23.9,30.9,166,1009.1,42.2181603,
miri,2007-10,27.2,24,31,173,1009.2,24.06303206,
miri,2007-11,26.2,23.4,29.8,390,1009.2,47.31540217,
miri,2007-12,26.2,23.5,29.8,305,1008,36.5972399,
miri,2008-01,26,23.1,30,160,1009.4,26.42698935,
miri,2008-02,25.6,23.2,29.3,253,1009.6,25.71114314,
miri,2008-03,26,23.2,29.7,287,1009.2,31.29466645,
miri,2008-04,26.9,23.6,30.7,82,1008.5,18.68666663,
miri,2008-05,27.1,23.5,31.2,103,1009.1,14.24686602,
miri,2008-06,26.8,23.5,31.1,302,1009.5,17.78624695,
miri,2008-07,26.4,23.1,30.3,297,1009.4,27.886,
miri,2008-08,26.6,23.3,30.7,322,1009.2,21.61193103,
miri,2008-09,26.8,23.6,30.8,265,1009.6,43.87097037,
miri,2008-10,26.5,23.5,30.2,389,1009.8,35.38042994,
miri,2008-11,26.7,23.7,30.8,214,1008.7,53.34466303,
miri,2008-12,26.6,23.8,30.3,299,1008.4,41.44879368,
miri,2009-01,25.6,23.2,29,928,1009.7,62.48653029,
miri,2009-02,26.1,23.6,29.5,241,1009.1,46.39794614,
miri,2009-03,26.6,23.5,30.5,198,1009.8,22.80196048,
miri,2009-04,27.6,24.3,31.3,263,1009,22.17384183,
miri,2009-05,27.7,24.1,32,66,1008.5,10.51714821,
miri,2009-06,27.7,23.8,32.1,124,1009.4,3.687217197,
miri,2009-07,27.1,23.9,31.1,124,1009.5,4.777968942,
miri,2009-08,27.6,23.8,31.7,162,1009,4.805062245,
miri,2009-09,27.2,24.2,31.1,190,1009.2,6.839283223,
miri,2009-10,26.9,23.8,31.2,262,1010.3,8.20160739,
miri,2009-11,26.8,23.7,30.7,249,1008.7,25.71846132,
miri,2009-12,26.6,23.8,30.4,454,1010.1,28.50835048,
miri,2010-01,26.1,23.5,29.8,273,1011,31.66843771,
miri,2010-02,27.1,24.4,31.2,8,1010.8,12.6776634,
miri,2010-03,27.5,24.6,31.7,45,1010.4,3.227261968,
miri,2010-04,27.8,24.5,31.8,160,1010,6.13472447,
miri,2010-05,27.8,24.6,31.8,333,1008.2,11.60593657,
miri,2010-06,27.2,24.2,30.9,210,1009.7,29.87246987,
miri,2010-07,25.6,23.6,30.7,407,1009.5,48.57118806,
miri,2010-08,27,23.7,30.8,342,1009.5,37.73817335,
miri,2010-09,26.7,23.6,30.5,405,1009.4,40.3162523,
miri,2010-10,26.7,23.5,30.7,288,1008.7,53.62452006,
miri,2010-11,26.6,23.4,30.6,338,1008.6,37.99559303,
miri,2010-12,26.2,23.2,30,276,1007.2,56.44671777,
miri,2011-01,25.8,23.1,29.5,670,1008.2,54.31707119,
miri,2011-02,25.6,23,29.5,309,1009.1,59.91677036,
miri,2011-03,25.7,23.3,30.1,330,1008.9,32.10591223,
miri,2011-04,26.6,23.8,30.4,175,1009.2,33.96989357,
miri,2011-05,27,24,31.3,226,1009.2,31.8876446,
miri,2011-06,27.4,24.2,31.3,282,1008.6,20.11699922,
miri,2011-07,27.6,24.3,31.8,158,1008.5,12.098348,
miri,2011-08,27.6,24,31.9,166,1008.8,7.191544332,
miri,2011-09,27.5,24.2,31.6,120,1009.7,11.24047799,
miri,2011-10,27.1,23.9,31.1,118,1008.9,11.21204044,
miri,2011-11,27.2,24.1,31.3,313,1008.1,25.29746237,
miri,2011-12,26.7,23.8,30.7,378,1008,50.40975929,
miri,2012-01,26.5,23.7,30.9,281,1008.3,40.25144484,
miri,2012-02,26.7,23.6,30.6,204,1008.4,33.46571024,
miri,2012-03,26.7,23.7,30.5,316,1008.5,26.57330887,
miri,2012-04,27,23.8,31.2,141,1009.7,18.41917,
miri,2012-05,27.4,23.8,31.7,137,1008.8,14.05406253,
miri,2012-06,27.1,23.4,31.5,168,1009.1,9.712147623,
miri,2012-07,26.8,23.5,30.9,161,1009,15.73844209,
miri,2012-08,27.5,23.8,31.8,171,1009.8,7.033934865,
miri,2012-09,27.7,24,32,81,1010,13.45627515,
miri,2012-10,27.3,24.1,31.2,339,1009.4,14.89994171,
miri,2012-11,27.3,24,31.2,463,1009.1,61.05038843,
miri,2012-12,27.1,24.3,31.4,234,1008.3,40.95259152,
miri,2013-01,26.9,24,31.3,191,1010,23.96675074,
miri,2013-02,26.9,24.2,31.5,339,1008.7,14.63195273,
miri,2013-03,27.5,24.4,31.9,132,1010.1,11.14021784,
miri,2013-04,27.6,24.4,31.8,197,1008.8,16.51115792,
miri,2013-05,28,24.5,31.9,208,1008.9,12.91924935,
miri,2013-06,27.8,24.3,32,102,1007.9,11.46149527,
miri,2013-07,26.9,23.5,31,168,1008.8,12.80941268,
miri,2013-08,27,23.6,31,223,1009.3,7.747347577,
miri,2013-09,26.8,23.5,30.7,318,1009.4,18.48626028,
miri,2013-10,26.8,23.7,31.1,254,1010.3,28.73203315,
miri,2013-11,27.4,24.2,31.2,260,1008.5,30.6402199,
miri,2013-12,27.1,24.4,30.8,694,1008.4,58.25466977,
miri,2014-01,25.2,22.8,29.1,506,1011.1,66.28697052,
miri,2014-02,26.2,22.8,30.7,29,1010.2,39.06294168,
miri,2014-03,26.7,23.4,31.3,126,1010.4,8.882700377,
miri,2014-04,27.2,24.2,31.3,97,1009.8,10.61591844,
miri,2014-05,26.9,24,31.5,248,1009.2,9.67078921,
miri,2014-06,27.4,24.2,31.8,66,1008.3,9.95854914,
miri,2014-07,27.2,23.8,31.5,101,1009.3,5.777837848,
miri,2014-08,26.6,23.4,30.5,180,1010.1,15.94378689,
miri,2014-09,27.5,24.1,31.7,96,1010.2,12.19065508,
miri,2014-10,27.5,24.3,31.5,307,1010.2,24.56494187,
miri,2014-11,27.6,24.6,31.4,354,1009.6,37.2698523,
miri,2014-12,27,23.8,30.9,261,1009.7,42.56051626,
miri,2015-01,26.1,23.3,29.8,651.2,1009.7,57.33256458,
miri,2015-02,26.1,23.3,29.8,125.7,1009.7,22.89561062,
miri,2015-03,26.9,23.8,30.9,263.9,1009.7,5.504587439,
miri,2015-04,27.9,23.7,31.8,263.9,1009.7,5.196038383,
miri,2015-05,28,23.7,32.1,99.8,1009.7,6.058781545,
miri,2015-06,28,24.6,31.8,259.7,1009.7,9.70843897,
miri,2015-07,28.3,24.3,31.8,185.4,1009.7,5.877935577,
miri,2015-08,27.5,24.1,31.8,199.2,1009.7,23.42895258,
miri,2015-09,28,23.7,31.9,165.2,1009.7,14.1541806,
miri,2015-10,27.9,24.6,32.1,143,1009.7,10.54364021,
miri,2015-11,27.5,23.7,31.8,309,1009.7,31.49345907,
miri,2015-12,27.7,23.7,31.8,319.2,1009.7,49.70540803,
miri,2016-01,27.9,25.1,31.8,69.6,1009.7,15.16748899,
miri,2016-02,27.8,25.2,31.7,81.6,1009.7,3.343356266,
miri,2016-03,28,23.7,31.8,263.9,1009.7,2.915815432,
miri,2016-04,28.7,25.5,32.4,165.5,1009.7,2.709138417,
miri,2016-05,28.8,25.6,31.8,217.4,1009.7,7.012049494,
miri,2016-06,27.8,24.6,31.8,126.9,1009.7,10.19989755,
miri,2016-07,27.4,24.2,31.2,238.1,1009.7,12.4531426,
miri,2016-08,27.8,24.1,31.7,203.5,1009.7,21.35947042,
miri,2016-09,27.3,23.9,31.2,109.1,1009.7,17.99490917,
miri,2016-10,27.3,24.1,31.1,278.5,1009.7,20.01551413,
miri,2016-11,27.5,24.5,31.3,277.3,1009.7,47.46872747,
miri,2016-12,27.6,24.4,31.5,131.4,1009.7,30.41940161,
miri,2017-01,27.3,24.3,31.4,208.6,1009.7,22.47599645,
miri,2017-02,26.7,23.7,30.6,204.6,1009.7,25.00971764,
miri,2017-03,27,23.9,31,186.1,1009.7,27.08734545,
miri,2017-04,27.9,24.7,31.7,120,1009.7,25.33134457,
miri,2017-05,28.4,25,32.1,338.7,1009.7,16.55102235,
miri,2017-06,27.8,24.6,31.7,166,1009.7,19.98700802,
miri,2017-07,28,24.4,31.8,128.3,1009.7,20.2182016,
miri,2017-08,27.6,23.7,31.8,366,1009.7,19.09707566,
miri,2017-09,27.5,24.3,31.1,224.7,1009.7,34.51136053,
miri,2017-10,27.1,23.7,31.8,406,1009.7,30.47399029,
miri,2017-11,26.9,23.8,30.6,340.2,1009.7,34.16363383,
miri,2017-12,26.5,23.6,31.8,455.5,1009.7,52.51887152,
miri,2018-01,26.3,23.4,30.1,483.9,1009.7,55.00095487,
miri,2018-02,26.1,23.4,29.5,342.9,1009.7,28.32983989,
miri,2018-03,26.9,23.7,31,218.1,1009.7,15.93208526,
miri,2018-04,27.5,24,31.5,248.2,1009.7,16.64717573,
miri,2018-05,27.4,24.3,31.1,234.5,1009.7,26.00029268,
miri,2018-06,27.8,24.3,31.9,206,1009.7,30.61146253,
miri,2018-07,27.7,24.1,31.8,263.9,1009.7,19.67120204,
miri,2018-08,27.8,24.2,31.8,326.4,1009.7,10.71906519,
miri,2018-09,27.2,23.8,31.3,263.9,1009.7,14.26626231,
miri,2018-10,27.5,23.7,31.8,318.4,1009.7,18.74008147,
miri,2018-11,27.6,24.3,31.6,172.9,1009.7,21.9330948,
miri,2018-12,27.2,24.2,31.3,407.4,1009.7,27.04677187,
miri,2019-01,27.2,24.1,31.8,203,1010.1,21.56115008,
miri,2019-02,27,24.1,31.4,50,1011.4,11.43585044,
miri,2019-03,27,23.5,31.7,50,1010.7,3.692811994,
miri,2019-04,27.7,24.2,32.1,208,1009.9,4.373381333,
miri,2019-05,27.9,24.4,32.3,87,1010.1,5.253054048,
miri,2019-06,27.6,24.4,31.6,206,1009.7,18.50888272,
miri,2019-07,27,23.6,31.6,162,1010.1,9.688248023,
miri,2019-08,27.6,24,32,35,1009.8,5.843927945,
miri,2019-09,27.9,23.9,32.2,65,1010.6,3.764824487,
miri,2019-10,27.2,23.9,31.2,337,1009.6,10.01404555,
miri,2019-11,27.3,24.2,31.6,297,1009.6,22.3727117,
miri,2019-12,26.8,24.4,30.6,604,1009.9,50.81269135,
miri,2020-01,27.3,24.5,31.8,162,1010,21.58182803,
miri,2020-02,27.3,24.3,31.8,47,1011,3.992032497,
miri,2020-03,27.5,24.6,31.4,211,1010.1,5.000981903,
miri,2020-04,28.1,24.8,32.3,263,1009.9,7.736634153,
miri,2020-05,28.3,25.2,32.6,327,1009,11.70597689,
miri,2020-06,27.6,24.5,31.8,258,1009.2,27.16527377,
miri,2020-07,27.5,24.1,31.7,390,1008.5,39.67716671,
miri,2020-08,28,24.4,32.4,187,1008.9,19.82589248,
miri,2020-09,27.1,24.1,31.1,343,1009.1,36.067424,
miri,2020-10,26.8,23.7,31.3,306,1008.6,29.55828448,
miri,2020-11,27.2,24.3,31,401,1009.1,36.40734633,
miri,2020-12,26.9,24,30.9,451,1008.3,45.71569839,
miri,2021-01,26.3,24,29.9,292,1008.6,46.89318948,
miri,2021-02,26.3,23.6,30.2,145,1010,24.19262846,
miri,2021-03,27,24.1,31.1,140,1009.3,15.5903851,
miri,2021-04,27.5,24,31.8,43,1009.8,18.25568376,
miri,2021-05,27.9,24.5,32.1,221,1008.5,27.4310551,
miri,2021-06,27.6,24.1,31.7,288,1009.8,14.48953767,
miri,2021-07,27.8,24.3,32.2,280,1008.8,23.02148132,
miri,2021-08,27.2,23.9,31.4,366,1009.8,20.69583838,
miri,2021-09,27.1,23.9,31.3,329,1009.4,53.5015041,
miri,2021-10,27.6,24.3,31.3,287,1009.1,39.23905019,
miri,2021-11,27.1,24,31,215.1,1008.4,30.5017396,
miri,2021-12,27,23.9,31.3,202.4,1009.5,27.49600524,
miri,2022-01,26.5,23.7,30.7,246.3,1009.6,23.74238731,
miri,2022-02,26.7,23.6,31.2,266.1,1008.9,35.32606554,
miri,2022-03,26.7,23.5,31.1,131.3,1008.6,26.15811426,
miri,2022-04,27.2,23.7,31.4,198.4,1008.6,26.43340123,
miri,2022-05,27.9,24.5,32.2,263.9,1008.3,25.03704487,
miri,2022-06,27.1,23.8,30.9,344.5,1008.5,18.88457727,
miri,2022-07,27.3,23.9,31.6,242.6,1008.1,12.40992783,
miri,2022-08,27.4,23.9,31.5,217.6,1008.3,19.33020277,
miri,2022-09,26.9,23.7,30.9,371.1,1009.5,38.94080253,
miri,2022-10,27,23.8,30.4,573.1,1009.1,71.7931281,
miri,2022-11,27.1,24.1,30.7,279.3,1009.3,57.1192537,
miri,2022-12,26.5,23.7,30,316.2,1008.5,44.89588832,
miri,2023-01,26.7,23.5,30.4,235.4,1009,36.92920181,
miri,2023-02,26.7,23.9,30.7,240,1009.4,33.27718136,
miri,2023-03,26.7,23.6,30.9,216.5,1010.3,19.30810495,
miri,2023-04,27.8,24.3,31.7,141.4,1008.8,13.10725003,
miri,2023-05,28.3,24.8,32.4,90.3,1009.8,12.5952102,
miri,2023-06,28.2,24.4,32.5,72.9,1009.6,3.85575553,
miri,2023-07,27.5,24.1,31.7,89.2,1009.9,21.17032088,
miri,2023-08,28,24.4,32.1,74.5,1010.4,8.185475894,
miri,2023-09,27.7,24.2,31.5,308.4,1009.9,18.15997233,
miri,2023-10,27.6,24.2,31.5,134.9,1011.1,18.97244197,
miri,2023-11,27.5,24.3,31.3,345.3,1010,26.18634503,
miri,2023-12,27.4,24.6,31.1,251.1,1010.2,37.43634235,
miri,2024-01,27.5,24.5,31.4,186.2,1011,33.3722111,
miri,2024-02,27.3,24.6,31,77.1,1011.8,14.36762683,
miri,2024-03,28,25.2,31.6,122.8,1010.6,7.421769539,
miri,2024-04,28.7,25.3,32.3,184.2,1008.5,10.31789483,
miri,2024-05,28.6,25.6,32.1,160.6,1008,22.64204203,
miri,2024-06,28,24.8,31.9,302.9,1009.4,33.11740877,
miri,2024-07,28.3,24.8,32.7,106.7,1008.7,28.11453337,
miri,2024-08,27.7,24.6,32,263.9,1009.7,27.74418208,
miri,2024-09,28.2,24.6,32.1,263.9,1009.7,20.0078714,
miri,2024-10,27.7,24.2,31.3,260.2,1009.6,27.00717374,
miri,2024-11,27.7,24.5,31.7,324.1,1008.6,21.3930957,
miri,2024-12,27.4,24.5,31.3,263.9,1009.7,46.6731326,
sibu,2000-01,25.8,23.1,30.5,640,1009.6,19.20750827,
sibu,2000-02,26.2,22.5,30.2,314,1009.3,17.36443243,
sibu,2000-03,26.7,23.3,32.6,230,1009.5,9.015301142,
sibu,2000-04,26.6,23.4,32.7,362,1009.7,10.37367009,
sibu,2000-05,27.5,24,33.5,176,1009.6,5.2663823,
sibu,2000-06,26.7,22.8,30.6,221,1009.9,6.423527263,
sibu,2000-07,27.1,23.4,33.1,54,1009.7,2.650688471,
sibu,2000-08,26.9,23.4,32.8,162,1009.6,6.500597997,
sibu,2000-09,26.3,23.2,32.1,459,1010.2,8.807677093,
sibu,2000-10,26.8,23.6,32.5,183,1009.5,12.64552205,
sibu,2000-11,26.5,22.7,30.8,147,1008.8,11.8208022,
sibu,2000-12,26.7,23.6,31.9,164,1009.3,12.36119947,
sibu,2001-01,26,23.2,31.1,280,1009.4,18.06792,
sibu,2001-02,26.1,23.3,31.1,369,1009,19.94896936,
sibu,2001-03,27,23.4,33.1,193,1009.8,9.378487416,
sibu,2001-04,27,23.9,32.3,337,1009.7,9.838666627,
sibu,2001-05,27.6,24.2,33.5,149,1009.7,8.241952384,
sibu,2001-06,27,23.5,32.9,143,1009.8,7.27384767,
sibu,2001-07,27.4,22.9,34.2,257,1010.3,3.233210511,
sibu,2001-08,27.6,22.9,32.4,153,1010.6,4.529281213,
sibu,2001-09,26.8,23.6,32,233,1011.3,8.524558143,
sibu,2001-10,26.6,23.6,32.2,285,1011.3,11.2559967,
sibu,2001-11,26.6,23.5,32.3,242,1011.3,12.80591462,
sibu,2001-12,26.5,23.2,32,286,1011.6,9.96151899,
sibu,2002-01,26.3,23.6,31.6,336,1010.8,12.75716032,
sibu,2002-02,26.1,23.2,31.7,322,1012.2,6.870530343,
sibu,2002-03,26.6,23.4,32.5,264,1010.6,8.285954997,
sibu,2002-04,27.1,23.9,32.8,354,1009.5,8.386981853,
sibu,2002-05,27.6,24.2,33.6,176,1009.9,7.125901239,
sibu,2002-06,27,23.4,32.8,186,1009.9,4.76851406,
sibu,2002-07,27.4,23.4,33.8,58,1010.2,2.002044405,
sibu,2002-08,26.5,22.6,32.7,250,1010.6,2.413787396,
sibu,2002-09,26.5,23,32.3,411,1011.4,3.374566327,
sibu,2002-10,26,23.1,32.2,433,1010.8,7.716391858,
sibu,2002-11,26.2,23.3,31.5,368,1010.5,9.868671107,
sibu,2002-12,26.5,23.3,32,300,1011.1,9.881717713,
sibu,2003-01,25.9,23.1,31.4,824,1011.5,30.5082464,
sibu,2003-02,26.4,23.4,31.6,327,1010.7,13.05034268,
sibu,2003-03,26.7,23.3,32.7,256,1010.9,6.147177481,
sibu,2003-04,26.5,23.5,32.8,387,1010,9.39890551,
sibu,2003-05,27.8,24,33.2,184,1009.5,6.756728106,
sibu,2003-06,26.6,23.4,32.7,146,1010.1,2.828332685,
sibu,2003-07,26.6,23.1,32.5,202,1010.5,5.603873345,
sibu,2003-08,27,23.4,33,129,1010.1,3.69868589,
sibu,2003-09,26.5,22.9,32.6,253,1010.9,4.076997477,
sibu,2003-10,26.2,23.1,31.8,289,1010.8,9.052291935,
sibu,2003-11,26.2,23.1,31.8,456,1010.3,8.21169614,
sibu,2003-12,25.8,23.3,30.7,434,1010.7,17.21634168,
sibu,2004-01,25.6,23.3,30.4,823,1011,12.31839281,
sibu,2004-02,26,23,31.6,198,1011.3,8.199796397,
sibu,2004-03,26.6,23.1,32.1,351,1010.5,6.244181261,
sibu,2004-04,26.9,23.4,32.7,323,1010.3,3.329948563,
sibu,2004-05,27,23.6,32.9,487,1009.8,3.779340635,
sibu,2004-06,27.6,23.4,33.5,175,1010.7,2.368862039,
sibu,2004-07,26.1,23.1,31.5,260,1010.3,5.717130386,
sibu,2004-08,27.3,23.3,33.1,145,1010.2,1.9673602,
sibu,2004-09,25.9,22.9,31.8,329,1011,6.25670467,
sibu,2004-10,26.3,23.1,32.2,204,1011.2,5.8426357,
sibu,2004-11,26.2,23.3,32,616,1010.6,9.067527533,
sibu,2004-12,26,23.3,31.4,579,1010.3,14.00324442,
sibu,2005-01,26.1,22.8,31.6,384,1011.4,11.7790072,
sibu,2005-02,26.2,23.5,31.3,198,1012,3.795442282,
sibu,2005-03,26.5,22.6,31,281,1011.7,4.020294068,
sibu,2005-04,27.3,23.6,33.2,190,1010.9,10.08035666,
sibu,2005-05,26.8,23.6,32.1,290,1009.6,7.715850887,
sibu,2005-06,26.8,23.5,32.4,361,1009.2,6.51567864,
sibu,2005-07,27,23.3,32.7,177,1010.1,5.047454735,
sibu,2005-08,27.2,23.5,33.1,208,1010,2.865344188,
sibu,2005-09,26.9,23.4,32.6,204,1010.2,7.495246103,
sibu,2005-10,26.4,23.4,31.9,402,1010.3,10.34446036,
sibu,2005-11,26.1,23.1,31.7,215,1010.2,11.53267937,
sibu,2005-12,25.9,22.8,31.5,311,1009.5,9.495809381,
sibu,2006-01,25.9,23.2,30.9,399,1010,14.03216898,
sibu,2006-02,26.2,23.4,31.7,231,1010.2,12.24017014,
sibu,2006-03,26.6,23.2,32.7,423,1009.8,6.295089381,
sibu,2006-04,26.4,23.4,32.5,337,1009.6,11.28629259,
sibu,2006-05,26.5,23.5,32,273,1010.3,11.76112055,
sibu,2006-06,26.7,23.4,32.2,109,1010,9.181943423,
sibu,2006-07,27.4,23.8,33.6,140,1010.1,4.216634861,
sibu,2006-08,27.3,23.2,33.3,165,1009.8,2.397441865,
sibu,2006-09,26.5,23,32,228,1010.7,7.773172107,
sibu,2006-10,26.3,23.2,31.9,108,1011.5,9.094117413,
sibu,2006-11,26.5,23.2,32,317,1010.1,12.28601212,
sibu,2006-12,26.6,23.5,31.6,409,1009.8,12.56748831,
sibu,2007-01,25.9,23.5,30.6,510,1011,17.76730845,
sibu,2007-02,26.1,23.1,31.5,503,1011.3,12.22075559,
sibu,2007-03,26.6,23,32.6,340,1010.2,13.31370584,
sibu,2007-04,26.8,23.7,32.3,304,1010.2,9.76106445,
sibu,2007-05,27.2,23.9,32.9,156,1010.1,9.1523657,
sibu,2007-06,26.6,23.7,31.8,336,1008.6,10.83294382,
sibu,2007-07,26.5,23.2,32.5,342,1009.8,8.644719771,
sibu,2007-08,27,23.3,32.7,211,1009.7,7.430957852,
sibu,2007-09,26.3,23.2,31.7,241,1009.8,12.55238801,
sibu,2007-10,26.5,23.3,32.2,208,1009.8,9.215981229,
sibu,2007-11,26,23.2,31.1,280,1010,18.22539222,
sibu,2007-12,26,23.3,30.9,514,1009,20.16755684,
sibu,2008-01,26,23,31.7,548,1010,13.71503483,
sibu,2008-02,25.4,23.1,30.1,391,1010.4,14.58767559,
sibu,2008-03,25.9,23.1,31.5,489,1009.8,17.89638169,
sibu,2008-04,26.5,23.3,32.1,314,1009.2,13.17768667,
sibu,2008-05,27.2,23.5,33.3,178,1009.7,8.347206329,
sibu,2008-06,26.6,23.2,32.2,194,1010.1,8.361321797,
sibu,2008-07,26.2,23.1,31.7,235,1010.1,10.30066367,
sibu,2008-08,26.6,23.1,32.5,337,1009.9,9.102452932,
sibu,2008-09,26.5,23.1,32.4,201,1010.2,13.75815424,
sibu,2008-10,26.4,23.3,31.7,541,1010.5,11.5777073,
sibu,2008-11,26.5,23.4,32,390,1009.4,12.73324913,
sibu,2008-12,26.1,23.4,31,690,1009.3,19.9223221,
sibu,2009-01,25.1,23.2,28.9,828,1010.7,22.32792416,
sibu,2009-02,26.2,23.2,31.5,434,1009.8,16.18909821,
sibu,2009-03,26.2,22.9,32.6,458,1010.5,14.27536484,
sibu,2009-04,27,23.5,32.7,392,1009.7,12.14702512,
sibu,2009-05,26.7,23.2,32.8,405,1009.1,6.529729535,
sibu,2009-06,27,23.5,32.8,151,1010.1,3.602120033,
sibu,2009-07,26.9,23,32.8,154,1010.2,4.124952184,
sibu,2009-08,26.8,23.1,33.2,202,1009.8,3.679592807,
sibu,2009-09,27,23.2,32.5,190,1010,5.739618103,
sibu,2009-10,26.2,23.1,32.1,276,1010.9,4.9506364,
sibu,2009-11,26.2,23.2,31.7,597,1009.4,11.89719257,
sibu,2009-12,26,23.2,31.4,362,1010.9,14.29214029,
sibu,2010-01,25.7,23.1,30.8,301,1011.7,16.59129184,
sibu,2010-02,26.8,23.7,32.3,236,1011.4,10.28873222,
sibu,2010-03,26.7,23.7,32.3,445,1011.2,6.987396881,
sibu,2010-04,26.9,23.7,32.9,127,1010.7,6.83598871,
sibu,2010-05,27.4,24.1,33,183,1008.9,7.543463458,
sibu,2010-06,26.8,23.5,32.3,257,1010.4,7.495083567,
sibu,2010-07,26.2,23.1,31.5,406,1010.3,12.73128677,
sibu,2010-08,26.4,22.9,32.3,307,1010.3,9.183717461,
sibu,2010-09,26.1,22.9,31.8,195,1010.2,12.91249454,
sibu,2010-10,26.6,23,32.6,142,1009.4,11.60524312,
sibu,2010-11,26.1,23.1,32,370,1009.3,9.772169617,
sibu,2010-12,25.9,22.8,31.5,353,1008,13.26301676,
sibu,2011-01,25.5,22.9,30.8,443,1009.1,13.93487003,
sibu,2011-02,25.7,22.8,31.3,305,1009.6,10.5104643,
sibu,2011-03,26.3,23.1,32,410,1009.6,11.31470875,
sibu,2011-04,26.4,23.3,32.5,134,1010,8.345398423,
sibu,2011-05,26.8,23.3,33,267,1009.9,9.970435523,
sibu,2011-06,26.9,23.5,32.4,222,1009.6,6.771684323,
sibu,2011-07,26.8,23.2,32.9,41,1009.2,4.580939326,
sibu,2011-08,26.7,23.2,32.9,215,1009.3,3.968251713,
sibu,2011-09,26.6,23.3,32.5,106,1009.8,6.42301401,
sibu,2011-10,26.2,23,31.7,475,1009.2,10.66164647,
sibu,2011-11,26.6,23.4,32.6,233,1008.5,11.25276923,
sibu,2011-12,26.3,23.4,31.5,465,1008.5,16.23559761,
sibu,2012-01,26,23.1,31.6,475,1008.7,19.57672377,
sibu,2012-02,26.1,23.2,31.6,332,1008.8,12.43721721,
sibu,2012-03,26.2,23,31.9,341,1008.9,15.77050306,
sibu,2012-04,26.5,23.4,32.8,311,1009.7,9.804353343,
sibu,2012-05,27,23.6,33.3,174,1008.6,5.13610661,
sibu,2012-06,27.2,23.2,33.5,170,1008.9,3.44053043,
sibu,2012-07,26.5,23.2,32.4,239,1008.9,4.516782735,
sibu,2012-08,26.5,23.1,32.2,194,1009.7,4.722099777,
sibu,2012-09,27.1,23.4,33,86,1009.8,6.07872988,
sibu,2012-10,26.4,23.5,32,288,1010.3,8.97137441,
sibu,2012-11,26.7,23.7,32,332,1010,17.76111812,
sibu,2012-12,26.5,23.6,32.1,385,1009.3,17.38800719,
sibu,2013-01,26.6,23.7,31.8,130,1010.8,22.7798225,
sibu,2013-02,26.5,23.7,31.7,381,1009.6,20.96027039,
sibu,2013-03,27.2,23.8,33.1,210,1010.2,11.36178967,
sibu,2013-04,27.1,23.8,32.8,225,1008.8,12.81507803,
sibu,2013-05,27.3,24.2,33.2,195,1008.9,10.24329675,
sibu,2013-06,28,24.2,34,64,1007.9,5.296605847,
sibu,2013-07,27,23.2,32.9,132,1008.9,6.886210939,
sibu,2013-08,27.1,23.3,33.3,265,1009.4,4.879350006,
sibu,2013-09,26.9,23.6,32.5,211,1009.4,13.47828307,
sibu,2013-10,26.5,23.1,32.7,189,1010.4,10.57970173,
sibu,2013-11,26.2,23.1,31.8,262,1008.8,12.70684325,
sibu,2013-12,26.1,23.5,31.1,514,1008.8,19.72076794,
sibu,2014-01,25,22.1,29.9,565,1011.3,19.69275803,
sibu,2014-02,26.2,22.2,32.3,38,1010.1,2.952164971,
sibu,2014-03,26.5,23.2,32.4,158,1010.5,4.229179694,
sibu,2014-04,26.6,23.4,32.6,174,1010,6.496030257,
sibu,2014-05,27,23.9,32.7,179,1009.4,7.833743248,
sibu,2014-06,28.2,24.5,33.9,38,1008.4,5.503069333,
sibu,2014-07,28.2,24.1,34.5,92,1009.3,3.061306026,
sibu,2014-08,26.1,23.2,31.7,439,1010.3,10.74200579,
sibu,2014-09,26.9,23.3,33,313,1010.3,6.41665098,
sibu,2014-10,26.3,23.1,32.3,241,1010.4,8.32160439,
sibu,2014-11,26.3,23.5,31.8,521,1009.9,13.88513498,
sibu,2014-12,26.2,23.3,31.6,584,1009.9,10.5661417,
sibu,2015-01,25.4,22.9,29.8,453.2,1009.7,15.51370803,
sibu,2015-02,25.8,23,30.5,389.6,1009.7,11.96890592,
sibu,2015-03,26.5,23.5,31.6,263.9,1009.7,4.908433748,
sibu,2015-04,27,23.7,31.8,263.9,1009.7,8.957546693,
sibu,2015-05,27.3,23.9,31.8,204.9,1009.7,9.375998913,
sibu,2015-06,27.4,24,32.8,206.9,1009.7,9.025565077,
sibu,2015-07,27.4,23.7,31.8,175.3,1009.7,4.126952394,
sibu,2015-08,27,23.7,32.5,286.3,1009.7,7.07617899,
sibu,2015-09,27.3,24,31.8,76.9,1009.7,5.713193537,
sibu,2015-10,27.3,23.9,32.7,236.5,1009.7,5.345567639,
sibu,2015-11,26.7,23.8,31.8,602.1,1009.7,15.39250257,
sibu,2015-12,26.7,23.7,31.8,499.9,1009.7,19.05518731,
sibu,2016-01,26.9,24.2,31.6,459.9,1009.7,9.510477516,
sibu,2016-02,26.9,24.3,31.5,633.6,1009.7,13.9687351,
sibu,2016-03,27.2,23.7,31.8,646,1009.7,9.1464396,
sibu,2016-04,27.8,24.6,33.6,418.2,1009.7,6.663052183,
sibu,2016-05,27.6,24.6,31.8,305.2,1009.7,9.446099123,
sibu,2016-06,27.3,24,32.6,318.3,1009.7,10.56563292,
sibu,2016-07,27.1,23.9,32.9,268,1009.7,8.490391071,
sibu,2016-08,28.2,24.1,33.9,266.7,1009.7,5.338167,
sibu,2016-09,27.1,23.7,32.8,356.6,1009.7,9.600457123,
sibu,2016-10,27.2,23.7,32.8,263.9,1009.7,7.862863684,
sibu,2016-11,26.6,23.8,32.2,565.3,1009.7,14.30161408,
sibu,2016-12,26.5,23.3,32.1,424.8,1009.7,12.98436659,
sibu,2017-01,26.6,23.6,32.2,634.8,1009.7,10.91440298,
sibu,2017-02,26,23.7,31,796.4,1009.7,12.4373074,
sibu,2017-03,26.6,23.4,32.3,347.8,1009.7,11.80801113,
sibu,2017-04,26.9,23.7,32.6,486,1009.7,11.94478733,
sibu,2017-05,27.5,24.3,32.9,251.3,1009.7,10.15767075,
sibu,2017-06,27,23.8,32,191,1009.7,6.26486348,
sibu,2017-07,27.5,24,31.8,151.5,1009.7,5.149362655,
sibu,2017-08,26.6,23.7,31.8,348.3,1009.7,6.461727916,
sibu,2017-09,26.4,23.3,31.8,414.6,1009.7,16.42313515,
sibu,2017-10,26.8,23.7,31.8,187.2,1009.7,8.458101368,
sibu,2017-11,26.6,23.9,31.5,382.4,1009.7,11.99276033,
sibu,2017-12,26.5,23.6,31.5,421,1009.7,23.54053103,
sibu,2018-01,26.1,23.3,31.8,658.5,1009.7,19.9438141,
sibu,2018-02,26,23.1,30.7,321.3,1009.7,11.6256307,
sibu,2018-03,26.6,23.7,31.8,252.7,1009.7,10.4423176,
sibu,2018-04,27.2,23.9,32.6,293,1009.7,8.767919617,
sibu,2018-05,26.9,23.8,31.8,225.8,1009.7,9.804997645,
sibu,2018-06,26.9,23.5,32.5,291,1009.7,8.14797501,
sibu,2018-07,27.4,23.7,33,72,1009.7,4.686499906,
sibu,2018-08,27.6,23.6,33.6,183.9,1009.7,2.329193365,
sibu,2018-09,26.5,23.1,31.8,263.9,1009.7,5.54225848,
sibu,2018-10,26.2,23.4,31.4,212.2,1009.7,10.1953186,
sibu,2018-11,26.7,23.6,31.8,406.6,1009.8,13.06528302,
sibu,2018-12,26.6,23.6,31.8,510.8,1009.7,12.1748081,
sibu,2019-01,26.4,23.8,31.7,452,1010.5,8.913735984,
sibu,2019-02,26.5,23.7,31.5,436,1011.7,10.05889661,
sibu,2019-03,27,23.5,33.2,169,1010.8,4.618796761,
sibu,2019-04,27.3,24.1,33,401,1009.5,5.990207683,
sibu,2019-05,27.5,24,33.5,137,1009.6,6.362816784,
sibu,2019-06,27,24.1,32.8,197,1009.3,8.88317294,
sibu,2019-07,26.9,23.4,32.5,104,1009.6,3.748138635,
sibu,2019-08,27.2,23.6,33.4,257,1009.5,1.894640225,
sibu,2019-09,27.4,24.1,33.5,79,1010.3,1.678555246,
sibu,2019-10,26.2,23.4,31.5,129,1010.1,8.430179474,
sibu,2019-11,26.8,23.8,32.8,259,1010.1,11.10002988,
sibu,2019-12,26.2,23.6,31.4,397,1010.5,13.33415306,
sibu,2020-01,26.6,24.2,31.8,210,1010.4,11.36821448,
sibu,2020-02,26.5,23.8,31.6,310,1011.5,8.398128183,
sibu,2020-03,27.1,24.1,32.7,296,1010.6,10.59183265,
sibu,2020-04,27.1,24.2,33,193,1010.4,10.8111857,
sibu,2020-05,27.8,24.6,33.5,336,1009.4,10.99119593,
sibu,2020-06,26.9,23.9,32.5,389,1009.7,9.277298613,
sibu,2020-07,26.5,23.7,32.1,363,1009,14.8295174,
sibu,2020-08,27.2,23.6,32.9,181,1009.2,9.138728048,
sibu,2020-09,26.2,23.4,31.9,248,1009.5,21.09807198,
sibu,2020-10,26.8,23.6,32.6,214,1008.8,11.87215109,
sibu,2020-11,26.4,23.6,31.8,336,1009.6,12.6454833,
sibu,2020-12,26.3,23.8,31.3,204,1008.8,17.08867939,
sibu,2021-01,25.8,23.4,30.6,558,1009,15.12962913,
sibu,2021-02,26.1,23,31.4,149,1010.2,8.470030057,
sibu,2021-03,26.4,23.4,32.5,286,1009.7,8.498151468,
sibu,2021-04,27.1,23.5,33.6,127,1010,6.684033353,
sibu,2021-05,27.3,24,33.1,340,1008.7,10.5324833,
sibu,2021-06,27.1,23.6,32.8,254,1009.9,5.72544999,
sibu,2021-07,27.5,23.9,33.2,89,1009,5.538999971,
sibu,2021-08,26.3,23.2,31.8,320,1010,8.496239284,
sibu,2021-09,26.5,23.6,32,218,1009.5,12.10298614,
sibu,2021-10,27.3,24,33.1,347,1009.3,9.919176655,
sibu,2021-11,27,23.7,32.2,287.6,1008.4,9.21964425,
sibu,2021-12,26.7,23.7,32.5,378.4,1009.7,11.51876246,
sibu,2022-01,26.2,23.6,31,229.8,1009.8,15.21724245,
sibu,2022-02,26.5,23.6,32.2,396.5,1008.9,15.06893414,
sibu,2022-03,26.8,23.6,32.5,164.2,1008.5,11.53275198,
sibu,2022-04,26.3,23.2,32.1,268.1,1008.7,6.33082921,
sibu,2022-05,27.3,23.9,32.9,263.9,1008.4,7.579274948,
sibu,2022-06,25.9,23,31.2,414.8,1008.8,12.27974484,
sibu,2022-07,26.6,23.1,32.5,91.5,1008.2,5.377324948,
sibu,2022-08,26.1,23,31.5,337.3,1008.6,8.029336726,
sibu,2022-09,25.9,23,31.2,267,1009.6,15.38832333,
sibu,2022-10,26.6,23.6,31.3,301.6,1009.2,17.88396495,
sibu,2022-11,26.2,23.4,31.4,325.1,1009.2,14.18111442,
sibu,2022-12,25.8,23.1,30.6,387.7,1008.7,15.09691175,
sibu,2023-01,25.7,23,30.6,269.4,1009.1,9.913989142,
sibu,2023-02,26,23.1,30.9,223.9,1009.4,16.52061443,
sibu,2023-03,26.2,23.2,31.1,339.3,1010.3,18.10279889,
sibu,2023-04,26.9,23.6,32.3,136.5,1009.4,6.609964053,
sibu,2023-05,27.8,24.2,33.4,130.6,1010.4,5.726918677,
sibu,2023-06,27.2,24,32.9,227.6,1010.1,3.284778587,
sibu,2023-07,27.1,23.6,32.5,113,1010.5,4.765956232,
sibu,2023-08,27,23.8,32.7,157.5,1010.8,4.495447426,
sibu,2023-09,27,24,32.3,171,1009.6,12.18009772,
sibu,2023-10,26.8,23.8,32.1,276.5,1010.9,11.22717247,
sibu,2023-11,26.9,24,32.1,280.8,1009.8,12.02669333,
sibu,2023-12,26.7,23.8,31.9,284.1,1010.4,18.50368744,
sibu,2024-01,26.5,24,31.1,282.9,1011.3,21.31328676,
sibu,2024-02,27,24.3,31.7,168.9,1012.1,13.86256193,
sibu,2024-03,27,24.4,31.8,221.7,1011,13.08744537,
sibu,2024-04,27.7,24.5,32.8,233.7,1009.1,11.54725007,
sibu,2024-05,27.6,24.6,32.3,290.8,1008.8,11.44218997,
sibu,2024-06,26.9,24.1,32,342.8,1009.5,11.73630384,
sibu,2024-07,27.6,24.1,32.9,105.3,1008.7,9.122522435,
sibu,2024-08,26.4,23.5,31.5,263.9,1009.7,7.421424229,
sibu,2024-09,27.6,24,32.6,263.9,1009.7,4.8991307,
sibu,2024-10,26.9,23.8,32,149.5,1009.4,7.663121658,
sibu,2024-11,26.6,23.9,31.6,282.3,1008.5,9.84591086,
sibu,2024-12,27,23.9,31.9,263.9,1009.7,13.10739758,
